Sample,105A_grass,105B_grass,106A_grass,106B_grass,108A_grass,108B_grass,110A_grass,110B_grass,118A_grass,118B_grass,11B_grass,130A_grass,130B_grass,131A_grass,131B_grass,132A_grass,132B_grass,139A_grass,139B_grass,141A_grass,14A_grass,14B_grass,152A_grass,152B_grass,153A_grass,153B_grass,158B_grass,162A_grass,163A_grass,163B_grass,164A_grass,164B_grass,168A_grass,168B_grass,16A_grass,16B_grass,170A_grass,170B_grass,173A_grass,174A_grass,175A_grass,175B_grass,178A_grass,189A_grass,18A_grass,18B_grass,190A_grass,190B_grass,193A_grass,193B_grass,194A_grass,194B_grass,196A_grass,196B_grass,198A_grass,198B_grass,203A_grass,203B_grass,207B_grass,215A_grass,215B_grass,27A_grass,27B_grass,2A_grass,2B_grass,33A_grass,33B_grass,36A_grass,36B_grass,47A_grass,47B_grass,48A_grass,48B_grass,53A_grass,53B_grass,57A_grass,57B_grass,58A_grass,58B_grass,61A_grass,61B_grass,64A_grass,64B_grass,79A_grass,79B_grass,84A_grass,84B_grass,87A_grass,87B_grass,88A_grass,88B_grass
CO2,170.2664802,166.392595,163.44106330000002,110.12902350000002,86.885712,116.2165575,241.103239,237.9672367,100.352075,89.09936071,186.3154334,183.7328432,225.607698,177.82978,204.3935645,199.4128549,185.9464919,187.6067285,205.31591819999997,172.2956582,101.64337009999998,127.10033030000001,215.0928667,194.06320390000002,79.13794150000001,102.9346652,196.4613233,192.2184966,188.34461140000002,149.2368174,139.4598689,183.5483725,110.4979649,123.5953865,208.6363912,137.430691,112.34267220000001,146.6542273,179.12107509999998,135.401513,163.6255341,102.9346652,176.72295559999998,152.188349,139.9210458,112.34267220000001,193.6942624,226.89899309999998,113.4494966,86.51677055,115.84761599999999,246.8218315,203.1022695,111.4203186,150.15917109999998,88.17700708,127.6537425,151.81940759999998,105.70172609999999,114.7407916,123.96432800000001,125.99350590000002,95.18689468,249.21995099999998,244.6081828,239.2585318,201.62650359999998,143.3337542,173.40248259999998,157.7224708,216.93757390000002,230.7728784,152.5572905,104.5949017,124.88668159999999,152.74176119999998,205.31591819999997,113.81843799999999,181.3347238,197.0147355,244.7926536,170.6354217,151.0815247,246.6373608,240.5498269,115.1097331,129.4984497,117.32338179999999,124.1487987,220.99592990000002,229.4815833
